[
{"samples":[{"__data__":{"c":78972.2993094,"k":4.01366382837,"theta":0.113165725356},"__constructor__":"MyReturn"}],"weights":[0.0],"normConst":-340.985089401}
,
{"samples":[{"__data__":{"c":3498.00339019,"k":2.77716815472,"theta":3.82024293069},"__constructor__":"MyReturn"}],"weights":[0.0],"normConst":-341.935944116}
,
{"samples":[{"__data__":{"c":190.351453338,"k":4.33526724577,"theta":37.1336029627},"__constructor__":"MyReturn"}],"weights":[0.0],"normConst":-339.612905317}
,
{"samples":[{"__data__":{"c":119.593276167,"k":3.85590463877,"theta":83.76246355},"__constructor__":"MyReturn"}],"weights":[0.0],"normConst":-341.253160122}
,
{"samples":[{"__data__":{"c":27377.5388937,"k":2.34284415841,"theta":0.611381386295},"__constructor__":"MyReturn"}],"weights":[0.0],"normConst":-342.058645233}
,
{"samples":[{"__data__":{"c":283.514954366,"k":3.99557113647,"theta":30.6226708416},"__constructor__":"MyReturn"}],"weights":[0.0],"normConst":-341.188473528}
,
{"samples":[{"__data__":{"c":2547.13453919,"k":2.39579021931,"theta":6.820162844},"__constructor__":"MyReturn"}],"weights":[0.0],"normConst":-341.378749803}
,
{"samples":[{"__data__":{"c":5521.53015195,"k":4.74438875914,"theta":1.39400758538},"__constructor__":"MyReturn"}],"weights":[0.0],"normConst":-340.80196513}
,
{"samples":[{"__data__":{"c":1011.11892735,"k":2.05749720335,"theta":17.3418181426},"__constructor__":"MyReturn"}],"weights":[0.0],"normConst":-341.811893922}
,
{"samples":[{"__data__":{"c":2738.63077706,"k":2.46312767267,"theta":4.52755671685},"__constructor__":"MyReturn"}],"weights":[0.0],"normConst":-341.417175787}
,
{"samples":[{"__data__":{"c":47878.14389,"k":3.45757484436,"theta":0.215531306575},"__constructor__":"MyReturn"}],"weights":[0.0],"normConst":-341.45997876}
,
{"samples":[{"__data__":{"c":3876.71623173,"k":2.66942083836,"theta":2.78790075554},"__constructor__":"MyReturn"}],"weights":[0.0],"normConst":-341.484654116}
,
{"samples":[{"__data__":{"c":3829.82508892,"k":2.99221038818,"theta":3.14407406051},"__constructor__":"MyReturn"}],"weights":[0.0],"normConst":-341.762992674}
,
{"samples":[{"__data__":{"c":14306.1912917,"k":2.69328057766,"theta":0.942990542586},"__constructor__":"MyReturn"}],"weights":[0.0],"normConst":-341.842096982}
,
{"samples":[{"__data__":{"c":44862.0996648,"k":2.71198242903,"theta":0.293735982514},"__constructor__":"MyReturn"}],"weights":[0.0],"normConst":-342.018968415}
,
{"samples":[{"__data__":{"c":3061.22810355,"k":2.37654015422,"theta":4.75440073571},"__constructor__":"MyReturn"}],"weights":[0.0],"normConst":-341.511260655}
,
{"samples":[{"__data__":{"c":21434.4896622,"k":3.16402316093,"theta":0.45124514181},"__constructor__":"MyReturn"}],"weights":[0.0],"normConst":-341.188399374}
,
{"samples":[{"__data__":{"c":207.719171885,"k":3.2970392704,"theta":46.6389623712},"__constructor__":"MyReturn"}],"weights":[0.0],"normConst":-341.30395883}
,
{"samples":[{"__data__":{"c":643.734748827,"k":2.54895716906,"theta":24.6413399841},"__constructor__":"MyReturn"}],"weights":[0.0],"normConst":-341.557480497}
,
{"samples":[{"__data__":{"c":1137.61016333,"k":2.22372040153,"theta":13.2566195977},"__constructor__":"MyReturn"}],"weights":[0.0],"normConst":-341.330476847}
,
{"samples":[{"__data__":{"c":35097.127089,"k":3.14048618078,"theta":0.328821035373},"__constructor__":"MyReturn"}],"weights":[0.0],"normConst":-341.49636615}
,
{"samples":[{"__data__":{"c":40652.0305009,"k":2.25382849574,"theta":0.42520088643},"__constructor__":"MyReturn"}],"weights":[0.0],"normConst":-341.805594233}
,
{"samples":[{"__data__":{"c":8858.70694583,"k":2.85204559565,"theta":1.41573343486},"__constructor__":"MyReturn"}],"weights":[0.0],"normConst":-341.429305819}
,
{"samples":[{"__data__":{"c":2096.95364388,"k":2.67915278673,"theta":6.0921409475},"__constructor__":"MyReturn"}],"weights":[0.0],"normConst":-341.890995742}
,
{"samples":[{"__data__":{"c":381.554447214,"k":2.74530917406,"theta":35.3352483927},"__constructor__":"MyReturn"}],"weights":[0.0],"normConst":-341.216576876}
,
{"samples":[{"__data__":{"c":13447.1552382,"k":3.04579555988,"theta":0.747204108041},"__constructor__":"MyReturn"}],"weights":[0.0],"normConst":-341.577250476}
,
{"samples":[{"__data__":{"c":4258.23473665,"k":3.05414676666,"theta":2.4187532883},"__constructor__":"MyReturn"}],"weights":[0.0],"normConst":-341.471594315}
,
{"samples":[{"__data__":{"c":2186.19635074,"k":2.444883883,"theta":8.15006532284},"__constructor__":"MyReturn"}],"weights":[0.0],"normConst":-341.708388036}
,
{"samples":[{"__data__":{"c":20786.2414742,"k":2.8227353096,"theta":0.474347871663},"__constructor__":"MyReturn"}],"weights":[0.0],"normConst":-340.946231893}
,
{"samples":[{"__data__":{"c":647289.711633,"k":2.1707932651,"theta":0.0267752926445},"__constructor__":"MyReturn"}],"weights":[0.0],"normConst":-341.57766141}
,
{"samples":[{"__data__":{"c":6641.03635974,"k":2.00014427304,"theta":2.85188023961},"__constructor__":"MyReturn"}],"weights":[0.0],"normConst":-341.908475276}
,
{"samples":[{"__data__":{"c":11192.7818156,"k":2.55506724119,"theta":1.3212350622},"__constructor__":"MyReturn"}],"weights":[0.0],"normConst":-341.4946765}
,
{"samples":[{"__data__":{"c":14612.4677039,"k":3.63541156054,"theta":0.640350821691},"__constructor__":"MyReturn"}],"weights":[0.0],"normConst":-340.834356383}
,
{"samples":[{"__data__":{"c":10772.1812739,"k":3.53980243206,"theta":0.9153325821},"__constructor__":"MyReturn"}],"weights":[0.0],"normConst":-339.382085592}
,
{"samples":[{"__data__":{"c":14398.4564609,"k":2.64899849892,"theta":1.10595666795},"__constructor__":"MyReturn"}],"weights":[0.0],"normConst":-340.967732269}
,
{"samples":[{"__data__":{"c":4530.16950611,"k":2.29533925653,"theta":3.14166101811},"__constructor__":"MyReturn"}],"weights":[0.0],"normConst":-341.849844813}
,
{"samples":[{"__data__":{"c":90149.7919603,"k":2.53053456545,"theta":0.168338833211},"__constructor__":"MyReturn"}],"weights":[0.0],"normConst":-341.97650107}
,
{"samples":[{"__data__":{"c":9890.05228815,"k":2.52825409174,"theta":1.54155500096},"__constructor__":"MyReturn"}],"weights":[0.0],"normConst":-341.514064962}
,
{"samples":[{"__data__":{"c":2470.02408501,"k":2.05754101276,"theta":7.08571816984},"__constructor__":"MyReturn"}],"weights":[0.0],"normConst":-341.28955597}
,
{"samples":[{"__data__":{"c":4013.93825118,"k":1.8145853281,"theta":5.25218244407},"__constructor__":"MyReturn"}],"weights":[0.0],"normConst":-342.228141459}
,
{"samples":[{"__data__":{"c":843.46315175,"k":2.66987711191,"theta":12.9356314},"__constructor__":"MyReturn"}],"weights":[0.0],"normConst":-341.64334303}
,
{"samples":[{"__data__":{"c":3228.9272512,"k":2.74428874254,"theta":3.8311126648},"__constructor__":"MyReturn"}],"weights":[0.0],"normConst":-342.239028388}
,
{"samples":[{"__data__":{"c":34488.1872647,"k":3.35454791784,"theta":0.279941844756},"__constructor__":"MyReturn"}],"weights":[0.0],"normConst":-341.154368099}
,
{"samples":[{"__data__":{"c":343.689862173,"k":3.58211457729,"theta":27.5026475312},"__constructor__":"MyReturn"}],"weights":[0.0],"normConst":-340.678754237}
,
{"samples":[{"__data__":{"c":52935.21419,"k":2.916636765,"theta":0.25449855023},"__constructor__":"MyReturn"}],"weights":[0.0],"normConst":-341.732795513}
,
{"samples":[{"__data__":{"c":25761.2646437,"k":3.65239143372,"theta":0.338649126424},"__constructor__":"MyReturn"}],"weights":[0.0],"normConst":-340.911863559}
,
{"samples":[{"__data__":{"c":8749.25107407,"k":6.05664908886,"theta":0.69734090594},"__constructor__":"MyReturn"}],"weights":[0.0],"normConst":-341.172809813}
,
{"samples":[{"__data__":{"c":4968.77574781,"k":2.73910045624,"theta":2.10730377982},"__constructor__":"MyReturn"}],"weights":[0.0],"normConst":-340.58481865}
,
{"samples":[{"__data__":{"c":726.456812412,"k":2.09998175502,"theta":20.0940069077},"__constructor__":"MyReturn"}],"weights":[0.0],"normConst":-341.9821934}
,
{"samples":[{"__data__":{"c":6785.59676286,"k":2.60243684053,"theta":1.86208794408},"__constructor__":"MyReturn"}],"weights":[0.0],"normConst":-341.502652587}
,
{"samples":[{"__data__":{"c":1172.70091175,"k":2.63255447149,"theta":13.1089126119},"__constructor__":"MyReturn"}],"weights":[0.0],"normConst":-341.328055194}
,
{"samples":[{"__data__":{"c":21515.3149556,"k":3.79887491465,"theta":0.444748922681},"__constructor__":"MyReturn"}],"weights":[0.0],"normConst":-341.852924655}
,
{"samples":[{"__data__":{"c":1147.85910065,"k":2.95268803835,"theta":10.9037602222},"__constructor__":"MyReturn"}],"weights":[0.0],"normConst":-341.301153303}
,
{"samples":[{"__data__":{"c":13989.0586486,"k":2.25539267063,"theta":1.01700531854},"__constructor__":"MyReturn"}],"weights":[0.0],"normConst":-341.262741306}
,
{"samples":[{"__data__":{"c":1707.8714393,"k":2.84818798304,"theta":6.93875638044},"__constructor__":"MyReturn"}],"weights":[0.0],"normConst":-340.928533186}
,
{"samples":[{"__data__":{"c":1775.20171684,"k":3.12399029732,"theta":4.65603027809},"__constructor__":"MyReturn"}],"weights":[0.0],"normConst":-341.264042951}
,
{"samples":[{"__data__":{"c":10418.8261168,"k":2.29839399457,"theta":1.60531948722},"__constructor__":"MyReturn"}],"weights":[0.0],"normConst":-340.203125571}
,
{"samples":[{"__data__":{"c":156505.587052,"k":2.63960272074,"theta":0.0956033699617},"__constructor__":"MyReturn"}],"weights":[0.0],"normConst":-341.009455869}
,
{"samples":[{"__data__":{"c":8894.74052084,"k":2.77038246393,"theta":1.10703185847},"__constructor__":"MyReturn"}],"weights":[0.0],"normConst":-341.629226121}
,
{"samples":[{"__data__":{"c":6661.99686787,"k":2.96068817377,"theta":1.87394029975},"__constructor__":"MyReturn"}],"weights":[0.0],"normConst":-342.009821226}
,
{"samples":[{"__data__":{"c":10303.3280977,"k":2.05852493644,"theta":1.42223719366},"__constructor__":"MyReturn"}],"weights":[0.0],"normConst":-340.342893505}
,
{"samples":[{"__data__":{"c":1863.90218095,"k":1.92724570632,"theta":8.65716269674},"__constructor__":"MyReturn"}],"weights":[0.0],"normConst":-341.396547619}
,
{"samples":[{"__data__":{"c":15728.7059938,"k":3.61182570457,"theta":0.645754862681},"__constructor__":"MyReturn"}],"weights":[0.0],"normConst":-341.230763915}
,
{"samples":[{"__data__":{"c":1862.61282947,"k":2.03682184219,"theta":8.12755063901},"__constructor__":"MyReturn"}],"weights":[0.0],"normConst":-342.114113086}
,
{"samples":[{"__data__":{"c":2545.00613435,"k":2.65604019165,"theta":4.91608011449},"__constructor__":"MyReturn"}],"weights":[0.0],"normConst":-341.717100288}
,
{"samples":[{"__data__":{"c":2774.27303469,"k":3.00376445055,"theta":3.82681425618},"__constructor__":"MyReturn"}],"weights":[0.0],"normConst":-341.017379707}
,
{"samples":[{"__data__":{"c":57.3183286024,"k":2.30410844088,"theta":237.450509365},"__constructor__":"MyReturn"}],"weights":[0.0],"normConst":-342.014094894}
,
{"samples":[{"__data__":{"c":3506.89775241,"k":1.93858444691,"theta":4.57266771862},"__constructor__":"MyReturn"}],"weights":[0.0],"normConst":-341.275038766}
,
{"samples":[{"__data__":{"c":24640.3201528,"k":3.47088932991,"theta":0.476280787554},"__constructor__":"MyReturn"}],"weights":[0.0],"normConst":-341.395304017}
,
{"samples":[{"__data__":{"c":82157.459386,"k":2.9512655735,"theta":0.171905013036},"__constructor__":"MyReturn"}],"weights":[0.0],"normConst":-341.072762322}
,
{"samples":[{"__data__":{"c":19702.4048984,"k":2.12795689702,"theta":0.915436990177},"__constructor__":"MyReturn"}],"weights":[0.0],"normConst":-342.180176987}
,
{"samples":[{"__data__":{"c":3394.42269274,"k":2.44918465614,"theta":3.83759038744},"__constructor__":"MyReturn"}],"weights":[0.0],"normConst":-342.075119283}
,
{"samples":[{"__data__":{"c":606.865091639,"k":3.6222755909,"theta":17.1418351759},"__constructor__":"MyReturn"}],"weights":[0.0],"normConst":-342.036697084}
,
{"samples":[{"__data__":{"c":73845.9638535,"k":4.34585750103,"theta":0.101407674505},"__constructor__":"MyReturn"}],"weights":[0.0],"normConst":-339.985574083}
,
{"samples":[{"__data__":{"c":5503.50163992,"k":3.1925624609,"theta":2.28078067576},"__constructor__":"MyReturn"}],"weights":[0.0],"normConst":-341.855051883}
,
{"samples":[{"__data__":{"c":6218.83601373,"k":4.06491726637,"theta":1.32992634751},"__constructor__":"MyReturn"}],"weights":[0.0],"normConst":-340.721013679}
,
{"samples":[{"__data__":{"c":1402.06257591,"k":3.5556781292,"theta":7.88998614402},"__constructor__":"MyReturn"}],"weights":[0.0],"normConst":-341.492856563}
,
{"samples":[{"__data__":{"c":3515.68462489,"k":3.33440870047,"theta":3.66873125629},"__constructor__":"MyReturn"}],"weights":[0.0],"normConst":-340.99610693}
,
{"samples":[{"__data__":{"c":16210.0431238,"k":1.86054259539,"theta":1.09011093953},"__constructor__":"MyReturn"}],"weights":[0.0],"normConst":-341.810602131}
,
{"samples":[{"__data__":{"c":83021.3289296,"k":2.32944339514,"theta":0.173695755548},"__constructor__":"MyReturn"}],"weights":[0.0],"normConst":-341.253371485}
,
{"samples":[{"__data__":{"c":3356.63707572,"k":2.72048175335,"theta":3.62503455811},"__constructor__":"MyReturn"}],"weights":[0.0],"normConst":-341.637796744}
,
{"samples":[{"__data__":{"c":1645.35697367,"k":3.61616075039,"theta":6.4579036862},"__constructor__":"MyReturn"}],"weights":[0.0],"normConst":-341.18599721}
,
{"samples":[{"__data__":{"c":142221.140758,"k":2.39010304213,"theta":0.0879953720895},"__constructor__":"MyReturn"}],"weights":[0.0],"normConst":-341.943647383}
,
{"samples":[{"__data__":{"c":8739.14552963,"k":2.58869111538,"theta":1.4734595076},"__constructor__":"MyReturn"}],"weights":[0.0],"normConst":-341.585067446}
,
{"samples":[{"__data__":{"c":7100.09169825,"k":3.37406635284,"theta":1.74765161967},"__constructor__":"MyReturn"}],"weights":[0.0],"normConst":-341.46366377}
,
{"samples":[{"__data__":{"c":3600.28046461,"k":2.37692594528,"theta":3.17938769908},"__constructor__":"MyReturn"}],"weights":[0.0],"normConst":-341.659160469}
,
{"samples":[{"__data__":{"c":102726.769378,"k":1.86426222324,"theta":0.158614760014},"__constructor__":"MyReturn"}],"weights":[0.0],"normConst":-342.004481322}
,
{"samples":[{"__data__":{"c":17575.0234567,"k":4.15349960327,"theta":0.461700104132},"__constructor__":"MyReturn"}],"weights":[0.0],"normConst":-340.777235093}
,
{"samples":[{"__data__":{"c":14394.8359656,"k":2.7000939846,"theta":0.777435610305},"__constructor__":"MyReturn"}],"weights":[0.0],"normConst":-341.749500211}
,
{"samples":[{"__data__":{"c":4593.77101285,"k":2.83543437719,"theta":2.32044955181},"__constructor__":"MyReturn"}],"weights":[0.0],"normConst":-341.631953853}
,
{"samples":[{"__data__":{"c":724.116855623,"k":2.47311964631,"theta":19.1869240472},"__constructor__":"MyReturn"}],"weights":[0.0],"normConst":-341.26206311}
,
{"samples":[{"__data__":{"c":84030.8198052,"k":3.25073033571,"theta":0.126157638345},"__constructor__":"MyReturn"}],"weights":[0.0],"normConst":-341.537725514}
,
{"samples":[{"__data__":{"c":959.466041445,"k":3.97877424955,"theta":9.61549669139},"__constructor__":"MyReturn"}],"weights":[0.0],"normConst":-340.906663568}
,
{"samples":[{"__data__":{"c":9832.99181153,"k":2.79060482979,"theta":1.10469606453},"__constructor__":"MyReturn"}],"weights":[0.0],"normConst":-341.50780657}
,
{"samples":[{"__data__":{"c":2995.12316489,"k":3.52029770613,"theta":3.14990853413},"__constructor__":"MyReturn"}],"weights":[0.0],"normConst":-340.950633038}
,
{"samples":[{"__data__":{"c":88.6797759167,"k":3.10126155615,"theta":130.4141849},"__constructor__":"MyReturn"}],"weights":[0.0],"normConst":-341.527682965}
,
{"samples":[{"__data__":{"c":659.019356373,"k":2.61765569448,"theta":20.3109208162},"__constructor__":"MyReturn"}],"weights":[0.0],"normConst":-341.087188445}
,
{"samples":[{"__data__":{"c":21362.6563071,"k":3.4004175663,"theta":0.439740768378},"__constructor__":"MyReturn"}],"weights":[0.0],"normConst":-341.096379872}
,
{"samples":[{"__data__":{"c":7958.75604177,"k":1.99488207698,"theta":2.93399627763},"__constructor__":"MyReturn"}],"weights":[0.0],"normConst":-340.962506949}
,
{"samples":[{"__data__":{"c":1116.46608881,"k":2.09894686937,"theta":16.8058479073},"__constructor__":"MyReturn"}],"weights":[0.0],"normConst":-342.119890343}
]
