[
{"samples":[{"__data__":{"c":6615.20271971,"k":0.444289967418,"theta":2.32427160304},"__constructor__":"MyReturn"}],"weights":[0.0],"normConst":-1260.66196551}
,
{"samples":[{"__data__":{"c":10305.1579606,"k":0.369869023561,"theta":2.34273872895},"__constructor__":"MyReturn"}],"weights":[0.0],"normConst":-1260.60529993}
,
{"samples":[{"__data__":{"c":40036.3211091,"k":0.395227409899,"theta":0.507457689948},"__constructor__":"MyReturn"}],"weights":[0.0],"normConst":-1260.57615704}
,
{"samples":[{"__data__":{"c":17298.2771866,"k":0.308333728462,"theta":1.66090032814},"__constructor__":"MyReturn"}],"weights":[0.0],"normConst":-1260.68984247}
,
{"samples":[{"__data__":{"c":1148.50451187,"k":0.339819043875,"theta":19.1198943353},"__constructor__":"MyReturn"}],"weights":[0.0],"normConst":-1260.6173194}
,
{"samples":[{"__data__":{"c":1418.5602987,"k":0.379453934729,"theta":15.3067235261},"__constructor__":"MyReturn"}],"weights":[0.0],"normConst":-1260.63253807}
,
{"samples":[{"__data__":{"c":1986.60649436,"k":0.377066992223,"theta":12.4952272516},"__constructor__":"MyReturn"}],"weights":[0.0],"normConst":-1260.59080185}
,
{"samples":[{"__data__":{"c":1460.87621283,"k":0.447728186846,"theta":15.4135652131},"__constructor__":"MyReturn"}],"weights":[0.0],"normConst":-1260.5807777}
,
{"samples":[{"__data__":{"c":636.910209762,"k":0.424126796424,"theta":32.6840954109},"__constructor__":"MyReturn"}],"weights":[0.0],"normConst":-1260.62082822}
,
{"samples":[{"__data__":{"c":1764.22490312,"k":0.331140458584,"theta":12.0117135428},"__constructor__":"MyReturn"}],"weights":[0.0],"normConst":-1260.66265395}
,
{"samples":[{"__data__":{"c":14321.8339053,"k":0.400530844927,"theta":1.35961898129},"__constructor__":"MyReturn"}],"weights":[0.0],"normConst":-1260.61780935}
,
{"samples":[{"__data__":{"c":3293.81193731,"k":0.383997038007,"theta":6.6902132353},"__constructor__":"MyReturn"}],"weights":[0.0],"normConst":-1260.63504232}
,
{"samples":[{"__data__":{"c":2104.06729038,"k":0.407885573804,"theta":12.6642907335},"__constructor__":"MyReturn"}],"weights":[0.0],"normConst":-1260.68835088}
,
{"samples":[{"__data__":{"c":456.239853273,"k":0.341929011047,"theta":46.2188410805},"__constructor__":"MyReturn"}],"weights":[0.0],"normConst":-1260.63222862}
,
{"samples":[{"__data__":{"c":24593.6023416,"k":0.378139056265,"theta":0.905341122452},"__constructor__":"MyReturn"}],"weights":[0.0],"normConst":-1260.63640056}
,
{"samples":[{"__data__":{"c":16276.0639257,"k":0.397789701819,"theta":1.06917516386},"__constructor__":"MyReturn"}],"weights":[0.0],"normConst":-1260.59240511}
,
{"samples":[{"__data__":{"c":2109.85055879,"k":0.407057330012,"theta":9.85227996126},"__constructor__":"MyReturn"}],"weights":[0.0],"normConst":-1260.56224056}
,
{"samples":[{"__data__":{"c":15303.5750148,"k":0.386250577867,"theta":1.35546445238},"__constructor__":"MyReturn"}],"weights":[0.0],"normConst":-1260.63174425}
,
{"samples":[{"__data__":{"c":2794.05230928,"k":0.4407902807,"theta":7.83945407064},"__constructor__":"MyReturn"}],"weights":[0.0],"normConst":-1260.64653421}
,
{"samples":[{"__data__":{"c":25959.0998439,"k":0.428857281804,"theta":0.731166742525},"__constructor__":"MyReturn"}],"weights":[0.0],"normConst":-1260.63466092}
,
{"samples":[{"__data__":{"c":1047.27602157,"k":0.399820581079,"theta":24.3993877982},"__constructor__":"MyReturn"}],"weights":[0.0],"normConst":-1260.65712876}
,
{"samples":[{"__data__":{"c":6782.94174861,"k":0.445620901883,"theta":2.84535083515},"__constructor__":"MyReturn"}],"weights":[0.0],"normConst":-1260.62446803}
,
{"samples":[{"__data__":{"c":1785.5121244,"k":0.401476174593,"theta":9.27657047281},"__constructor__":"MyReturn"}],"weights":[0.0],"normConst":-1260.67815133}
,
{"samples":[{"__data__":{"c":45739.0538409,"k":0.348167307675,"theta":0.478078613214},"__constructor__":"MyReturn"}],"weights":[0.0],"normConst":-1260.50685794}
,
{"samples":[{"__data__":{"c":57045.4027879,"k":0.449233725667,"theta":0.332367698436},"__constructor__":"MyReturn"}],"weights":[0.0],"normConst":-1260.51989515}
,
{"samples":[{"__data__":{"c":2906.49127264,"k":0.36632951349,"theta":6.81254679324},"__constructor__":"MyReturn"}],"weights":[0.0],"normConst":-1260.61093037}
,
{"samples":[{"__data__":{"c":10230.6708029,"k":0.350944474339,"theta":2.71814895559},"__constructor__":"MyReturn"}],"weights":[0.0],"normConst":-1260.66961678}
,
{"samples":[{"__data__":{"c":6102.34199458,"k":0.387943387032,"theta":3.05863966928},"__constructor__":"MyReturn"}],"weights":[0.0],"normConst":-1260.55669523}
,
{"samples":[{"__data__":{"c":458.928595387,"k":0.344781987369,"theta":46.2797702868},"__constructor__":"MyReturn"}],"weights":[0.0],"normConst":-1260.62060399}
,
{"samples":[{"__data__":{"c":4569.42370717,"k":0.410316213965,"theta":4.2982869182},"__constructor__":"MyReturn"}],"weights":[0.0],"normConst":-1260.63026845}
,
{"samples":[{"__data__":{"c":12797.3731526,"k":0.324057601392,"theta":2.11834579456},"__constructor__":"MyReturn"}],"weights":[0.0],"normConst":-1260.65811162}
,
{"samples":[{"__data__":{"c":131051.342567,"k":0.338245928288,"theta":0.186772209265},"__constructor__":"MyReturn"}],"weights":[0.0],"normConst":-1260.60689896}
,
{"samples":[{"__data__":{"c":208185.027456,"k":0.355188027024,"theta":0.090358481726},"__constructor__":"MyReturn"}],"weights":[0.0],"normConst":-1260.59687349}
,
{"samples":[{"__data__":{"c":1309.77532228,"k":0.429643429816,"theta":13.7195764482},"__constructor__":"MyReturn"}],"weights":[0.0],"normConst":-1260.68518846}
,
{"samples":[{"__data__":{"c":1930.29401172,"k":0.339267104864,"theta":12.2868894016},"__constructor__":"MyReturn"}],"weights":[0.0],"normConst":-1260.67347781}
,
{"samples":[{"__data__":{"c":11452.9741429,"k":0.351582057774,"theta":1.93011418448},"__constructor__":"MyReturn"}],"weights":[0.0],"normConst":-1260.68274463}
,
{"samples":[{"__data__":{"c":174375.265154,"k":0.329366996884,"theta":0.166001148629},"__constructor__":"MyReturn"}],"weights":[0.0],"normConst":-1260.59414749}
,
{"samples":[{"__data__":{"c":55794.2054738,"k":0.419295802712,"theta":0.334414821098},"__constructor__":"MyReturn"}],"weights":[0.0],"normConst":-1260.59948253}
,
{"samples":[{"__data__":{"c":20653.1508257,"k":0.42039167136,"theta":1.13900841791},"__constructor__":"MyReturn"}],"weights":[0.0],"normConst":-1260.62368301}
,
{"samples":[{"__data__":{"c":234490.813524,"k":0.356119088829,"theta":0.11285899701},"__constructor__":"MyReturn"}],"weights":[0.0],"normConst":-1260.58042796}
,
{"samples":[{"__data__":{"c":2846.02131957,"k":0.430572591722,"theta":7.37535217298},"__constructor__":"MyReturn"}],"weights":[0.0],"normConst":-1260.64688364}
,
{"samples":[{"__data__":{"c":1302.62754312,"k":0.417516231537,"theta":14.9188992719},"__constructor__":"MyReturn"}],"weights":[0.0],"normConst":-1260.58301408}
,
{"samples":[{"__data__":{"c":43346.9228915,"k":0.38615193218,"theta":0.457435976603},"__constructor__":"MyReturn"}],"weights":[0.0],"normConst":-1260.66731654}
,
{"samples":[{"__data__":{"c":2550.63151509,"k":0.366768725216,"theta":8.75836283651},"__constructor__":"MyReturn"}],"weights":[0.0],"normConst":-1260.70244949}
,
{"samples":[{"__data__":{"c":25803.6083175,"k":0.347609557211,"theta":1.09627349085},"__constructor__":"MyReturn"}],"weights":[0.0],"normConst":-1260.58085739}
,
{"samples":[{"__data__":{"c":10688.0068341,"k":0.378567017615,"theta":1.77688181225},"__constructor__":"MyReturn"}],"weights":[0.0],"normConst":-1260.68307362}
,
{"samples":[{"__data__":{"c":5082.10352394,"k":0.341617502272,"theta":5.14650313113},"__constructor__":"MyReturn"}],"weights":[0.0],"normConst":-1260.58517786}
,
{"samples":[{"__data__":{"c":4617.91156936,"k":0.359366312623,"theta":4.7695991948},"__constructor__":"MyReturn"}],"weights":[0.0],"normConst":-1260.70798307}
,
{"samples":[{"__data__":{"c":1119.42220347,"k":0.392012633383,"theta":15.9409279047},"__constructor__":"MyReturn"}],"weights":[0.0],"normConst":-1260.64637541}
,
{"samples":[{"__data__":{"c":2476.78794499,"k":0.474921986461,"theta":7.90913108925},"__constructor__":"MyReturn"}],"weights":[0.0],"normConst":-1260.63773527}
,
{"samples":[{"__data__":{"c":26770.2322498,"k":0.308811701834,"theta":1.11364390331},"__constructor__":"MyReturn"}],"weights":[0.0],"normConst":-1260.51131759}
,
{"samples":[{"__data__":{"c":32987.1066358,"k":0.437643192708,"theta":0.553865844532},"__constructor__":"MyReturn"}],"weights":[0.0],"normConst":-1260.52546615}
,
{"samples":[{"__data__":{"c":40505.5663691,"k":0.393868722022,"theta":0.417475272991},"__constructor__":"MyReturn"}],"weights":[0.0],"normConst":-1260.62558043}
,
{"samples":[{"__data__":{"c":31285.1042576,"k":0.420896373689,"theta":0.947512758274},"__constructor__":"MyReturn"}],"weights":[0.0],"normConst":-1260.68860535}
,
{"samples":[{"__data__":{"c":18922.1652106,"k":0.420825742185,"theta":1.01898932657},"__constructor__":"MyReturn"}],"weights":[0.0],"normConst":-1260.59068403}
,
{"samples":[{"__data__":{"c":6006.47311791,"k":0.369578786194,"theta":4.03321840202},"__constructor__":"MyReturn"}],"weights":[0.0],"normConst":-1260.70068466}
,
{"samples":[{"__data__":{"c":41299.7502757,"k":0.363671071827,"theta":0.63942378485},"__constructor__":"MyReturn"}],"weights":[0.0],"normConst":-1260.59482974}
,
{"samples":[{"__data__":{"c":35170.8954078,"k":0.410334691405,"theta":0.536525699604},"__constructor__":"MyReturn"}],"weights":[0.0],"normConst":-1260.67719317}
,
{"samples":[{"__data__":{"c":6617.15123994,"k":0.383052639663,"theta":2.55107359801},"__constructor__":"MyReturn"}],"weights":[0.0],"normConst":-1260.67720235}
,
{"samples":[{"__data__":{"c":154384.2889,"k":0.351662933826,"theta":0.14281699321},"__constructor__":"MyReturn"}],"weights":[0.0],"normConst":-1260.71963146}
,
{"samples":[{"__data__":{"c":58344.9171053,"k":0.440465211868,"theta":0.350578315362},"__constructor__":"MyReturn"}],"weights":[0.0],"normConst":-1260.60732375}
,
{"samples":[{"__data__":{"c":21208.4568933,"k":0.486529394984,"theta":0.661588145394},"__constructor__":"MyReturn"}],"weights":[0.0],"normConst":-1260.57333197}
,
{"samples":[{"__data__":{"c":33497.4261464,"k":0.349874980748,"theta":0.734634899522},"__constructor__":"MyReturn"}],"weights":[0.0],"normConst":-1260.64643677}
,
{"samples":[{"__data__":{"c":235564.24678,"k":0.403542518616,"theta":0.0971646819145},"__constructor__":"MyReturn"}],"weights":[0.0],"normConst":-1260.7048885}
,
{"samples":[{"__data__":{"c":45439.2384118,"k":0.401060022414,"theta":0.392561116912},"__constructor__":"MyReturn"}],"weights":[0.0],"normConst":-1260.68481737}
,
{"samples":[{"__data__":{"c":4135.68349152,"k":0.432386696339,"theta":4.14509715746},"__constructor__":"MyReturn"}],"weights":[0.0],"normConst":-1260.60043007}
,
{"samples":[{"__data__":{"c":324101.321743,"k":0.48672311008,"theta":0.0505414785672},"__constructor__":"MyReturn"}],"weights":[0.0],"normConst":-1260.63091429}
,
{"samples":[{"__data__":{"c":2408.54754709,"k":0.392472632229,"theta":8.1331493638},"__constructor__":"MyReturn"}],"weights":[0.0],"normConst":-1260.61930811}
,
{"samples":[{"__data__":{"c":2167.73740495,"k":0.368153937161,"theta":10.4825011407},"__constructor__":"MyReturn"}],"weights":[0.0],"normConst":-1260.75305231}
,
{"samples":[{"__data__":{"c":30746.6225105,"k":0.390927456319,"theta":0.795211986018},"__constructor__":"MyReturn"}],"weights":[0.0],"normConst":-1260.65512833}
,
{"samples":[{"__data__":{"c":20508.5006114,"k":0.398959256709,"theta":1.15401782504},"__constructor__":"MyReturn"}],"weights":[0.0],"normConst":-1260.69279839}
,
{"samples":[{"__data__":{"c":80380.0353991,"k":0.335581302643,"theta":0.306651619537},"__constructor__":"MyReturn"}],"weights":[0.0],"normConst":-1260.6462597}
,
{"samples":[{"__data__":{"c":72065.8092922,"k":0.365259945393,"theta":0.271840001686},"__constructor__":"MyReturn"}],"weights":[0.0],"normConst":-1260.67604066}
,
{"samples":[{"__data__":{"c":4608.24477605,"k":0.354646332562,"theta":5.83926189876},"__constructor__":"MyReturn"}],"weights":[0.0],"normConst":-1260.65094247}
,
{"samples":[{"__data__":{"c":10765.8833219,"k":0.425243340433,"theta":1.89727699775},"__constructor__":"MyReturn"}],"weights":[0.0],"normConst":-1260.68375927}
,
{"samples":[{"__data__":{"c":173.506318856,"k":0.451132878661,"theta":85.7354800246},"__constructor__":"MyReturn"}],"weights":[0.0],"normConst":-1260.64777293}
,
{"samples":[{"__data__":{"c":655.317913787,"k":0.422722734511,"theta":31.7554803532},"__constructor__":"MyReturn"}],"weights":[0.0],"normConst":-1260.65245678}
,
{"samples":[{"__data__":{"c":4511.77871377,"k":0.449711717665,"theta":4.88597221333},"__constructor__":"MyReturn"}],"weights":[0.0],"normConst":-1260.62780777}
,
{"samples":[{"__data__":{"c":47474.2258024,"k":0.422046035528,"theta":0.421011012317},"__constructor__":"MyReturn"}],"weights":[0.0],"normConst":-1260.65905716}
,
{"samples":[{"__data__":{"c":346.852522706,"k":0.344825945795,"theta":77.8888497568},"__constructor__":"MyReturn"}],"weights":[0.0],"normConst":-1260.64257995}
,
{"samples":[{"__data__":{"c":85868.1591913,"k":0.3886911273,"theta":0.250191635612},"__constructor__":"MyReturn"}],"weights":[0.0],"normConst":-1260.5986634}
,
{"samples":[{"__data__":{"c":2864.05137534,"k":0.393773466349,"theta":7.31280986454},"__constructor__":"MyReturn"}],"weights":[0.0],"normConst":-1260.65019413}
,
{"samples":[{"__data__":{"c":15460.3538464,"k":0.330534614623,"theta":1.9308320588},"__constructor__":"MyReturn"}],"weights":[0.0],"normConst":-1260.63281502}
,
{"samples":[{"__data__":{"c":544.1070311,"k":0.419317595661,"theta":32.6944117501},"__constructor__":"MyReturn"}],"weights":[0.0],"normConst":-1260.67384073}
,
{"samples":[{"__data__":{"c":10330.2084881,"k":0.436681210995,"theta":1.91917689382},"__constructor__":"MyReturn"}],"weights":[0.0],"normConst":-1260.544815}
,
{"samples":[{"__data__":{"c":14479.2429139,"k":0.337496288121,"theta":1.39366546344},"__constructor__":"MyReturn"}],"weights":[0.0],"normConst":-1260.60153019}
,
{"samples":[{"__data__":{"c":833904.615013,"k":0.385044887662,"theta":0.0219208996214},"__constructor__":"MyReturn"}],"weights":[0.0],"normConst":-1260.65441217}
,
{"samples":[{"__data__":{"c":2600.6602176,"k":0.464209169149,"theta":8.51368483769},"__constructor__":"MyReturn"}],"weights":[0.0],"normConst":-1260.59971279}
,
{"samples":[{"__data__":{"c":1957183.98541,"k":0.346670150757,"theta":0.0143329519433},"__constructor__":"MyReturn"}],"weights":[0.0],"normConst":-1260.60653603}
,
{"samples":[{"__data__":{"c":266842.439358,"k":0.397504381835,"theta":0.0822796646636},"__constructor__":"MyReturn"}],"weights":[0.0],"normConst":-1260.67249003}
,
{"samples":[{"__data__":{"c":15219.5866861,"k":0.41460506618,"theta":1.80315324174},"__constructor__":"MyReturn"}],"weights":[0.0],"normConst":-1260.69996508}
,
{"samples":[{"__data__":{"c":14183.3366698,"k":0.297421384603,"theta":2.33549594091},"__constructor__":"MyReturn"}],"weights":[0.0],"normConst":-1260.60620464}
,
{"samples":[{"__data__":{"c":6596.12715894,"k":0.42182136327,"theta":3.08536137272},"__constructor__":"MyReturn"}],"weights":[0.0],"normConst":-1260.66196235}
,
{"samples":[{"__data__":{"c":4397.44071868,"k":0.375605560839,"theta":5.80839856055},"__constructor__":"MyReturn"}],"weights":[0.0],"normConst":-1260.59574306}
,
{"samples":[{"__data__":{"c":10562.1819661,"k":0.3764417395,"theta":2.65528169613},"__constructor__":"MyReturn"}],"weights":[0.0],"normConst":-1260.69784703}
,
{"samples":[{"__data__":{"c":6237.7165199,"k":0.403580516577,"theta":3.20304176343},"__constructor__":"MyReturn"}],"weights":[0.0],"normConst":-1260.68180234}
,
{"samples":[{"__data__":{"c":21856.9754609,"k":0.370448827744,"theta":0.925777936867},"__constructor__":"MyReturn"}],"weights":[0.0],"normConst":-1260.58564613}
,
{"samples":[{"__data__":{"c":9036.73994073,"k":0.361864641309,"theta":2.43003456865},"__constructor__":"MyReturn"}],"weights":[0.0],"normConst":-1260.62031686}
,
{"samples":[{"__data__":{"c":42822.254398,"k":0.361531972885,"theta":0.530526198509},"__constructor__":"MyReturn"}],"weights":[0.0],"normConst":-1260.66722031}
,
{"samples":[{"__data__":{"c":5035.02314392,"k":0.342443063855,"theta":7.11503603258},"__constructor__":"MyReturn"}],"weights":[0.0],"normConst":-1260.59296147}
]
