species_id,species_name,expected_k,sweeps_total,sweeps_kept,sweeps_drop,kept_reasons,drop_reasons
1,Acanthosomatidae_cluster1,2,100,100,0,match_expected_k,
2,Acaridae_cluster3,1,100,100,0,match_expected_k,
4,Agromyzidae_cluster46,1,100,100,0,match_expected_k,
5,Agromyzidae_cluster57,1,100,100,0,match_expected_k,
6,Amaurobiidae_cluster1,2,100,100,0,match_expected_k,
7,Anisopodidae_cluster1,6,100,100,0,match_expected_k,
8,Anisopodidae_cluster2,11,100,100,0,match_expected_k,
9,Anisopodidae_cluster3,3,100,100,0,match_expected_k,
10,Anisopodidae_cluster4,3,100,100,0,match_expected_k,
11,Anisopodidae_cluster5,1,100,100,0,match_expected_k,
12,Anobiidae_cluster1,1,100,100,0,match_expected_k,
13,Anthomyiidae_cluster103,1,100,100,0,match_expected_k,
14,Anthomyiidae_cluster2,1,100,100,0,match_expected_k,
15,Anthomyiidae_cluster21,5,100,100,0,match_expected_k,
16,Anthomyiidae_cluster26,1,100,100,0,match_expected_k,
17,Anthomyiidae_cluster32,4,100,100,0,match_expected_k,
18,Anthomyiidae_cluster39,3,100,100,0,match_expected_k,
19,Anthomyiidae_cluster61,1,100,100,0,match_expected_k,
20,Anthomyiidae_cluster74,2,100,100,0,match_expected_k,
21,Anthribidae_cluster1,3,100,100,0,match_expected_k,
23,Aphididae_cluster15,6,100,100,0,match_expected_k,
24,Aphididae_cluster16,1,100,100,0,match_expected_k,
25,Aphididae_cluster2,3,100,100,0,match_expected_k,
26,Aphididae_cluster36,2,100,100,0,match_expected_k,
27,Aphididae_cluster5,1,100,100,0,match_expected_k,
28,Apidae_cluster2,1,100,100,0,match_expected_k,
29,Apidae_cluster43,1,100,100,0,match_expected_k,
30,Araneidae_cluster4,1,100,100,0,match_expected_k,
31,Ascidae_cluster2,7,100,100,0,match_expected_k,
32,Aulacigastridae_cluster1,3,100,100,0,match_expected_k,
33,Aulacigastridae_cluster2,3,100,100,0,match_expected_k,
34,Bolitophilidae_cluster1,2,100,100,0,match_expected_k,
35,Bolitophilidae_cluster4,1,100,100,0,match_expected_k,
36,Braconidae_cluster148,1,100,100,0,match_expected_k,
37,Braconidae_cluster315,1,100,100,0,match_expected_k,
38,Braconidae_cluster44,1,100,100,0,match_expected_k,
39,Braconidae_cluster52,1,100,100,0,match_expected_k,
40,Braconidae_cluster529,1,100,100,0,match_expected_k,
41,Braconidae_cluster638,1,100,100,0,match_expected_k,
42,Braconidae_cluster68,1,100,100,0,match_expected_k,
43,Brentidae_cluster1,5,100,100,0,match_expected_k,
44,Caeciliusidae_cluster1,2,100,100,0,match_expected_k,
45,Calliphoridae_cluster3,1,100,100,0,match_expected_k,
46,Calliphoridae_cluster7,1,100,100,0,match_expected_k,
47,Cecidomyiidae_cluster130,1,100,100,0,match_expected_k,
48,Cecidomyiidae_cluster132,1,100,100,0,match_expected_k,
49,Cecidomyiidae_cluster1372,1,100,100,0,match_expected_k,
50,Cecidomyiidae_cluster1412,1,100,100,0,match_expected_k,
51,Cecidomyiidae_cluster142,3,100,100,0,match_expected_k,
52,Cecidomyiidae_cluster148,1,100,100,0,match_expected_k,
53,Cecidomyiidae_cluster153,1,100,100,0,match_expected_k,
54,Cecidomyiidae_cluster156,1,100,100,0,match_expected_k,
55,Cecidomyiidae_cluster1587,1,100,100,0,match_expected_k,
56,Cecidomyiidae_cluster172,3,100,100,0,match_expected_k,
57,Cecidomyiidae_cluster174,5,100,100,0,match_expected_k,
58,Cecidomyiidae_cluster177,1,100,100,0,match_expected_k,
59,Cecidomyiidae_cluster194,1,100,100,0,match_expected_k,
60,Cecidomyiidae_cluster198,3,100,100,0,match_expected_k,
61,Cecidomyiidae_cluster2,3,100,100,0,match_expected_k,
63,Cecidomyiidae_cluster23,1,100,100,0,match_expected_k,
64,Cecidomyiidae_cluster25,1,100,100,0,match_expected_k,
65,Cecidomyiidae_cluster313,2,100,100,0,match_expected_k,
66,Cecidomyiidae_cluster316,1,100,100,0,match_expected_k,
67,Cecidomyiidae_cluster32,3,100,100,0,match_expected_k,
68,Cecidomyiidae_cluster34,1,100,100,0,match_expected_k,
69,Cecidomyiidae_cluster43,1,100,100,0,match_expected_k,
70,Cecidomyiidae_cluster436,1,100,100,0,match_expected_k,
71,Cecidomyiidae_cluster46,1,100,100,0,match_expected_k,
72,Cecidomyiidae_cluster544,1,100,100,0,match_expected_k,
73,Cecidomyiidae_cluster599,1,100,100,0,match_expected_k,
74,Cecidomyiidae_cluster6,3,100,100,0,match_expected_k,
75,Cecidomyiidae_cluster615,1,100,100,0,match_expected_k,
76,Cecidomyiidae_cluster653,1,100,100,0,match_expected_k,
77,Cecidomyiidae_cluster662,1,100,100,0,match_expected_k,
78,Cecidomyiidae_cluster70,2,100,100,0,match_expected_k,
79,Cecidomyiidae_cluster790,1,100,100,0,match_expected_k,
80,Cecidomyiidae_cluster849,2,100,100,0,match_expected_k,
81,Cecidomyiidae_cluster920,1,100,100,0,match_expected_k,
82,Cecidomyiidae_cluster99,1,100,100,0,match_expected_k,
83,Cerambycidae_cluster17,1,100,100,0,match_expected_k,
84,Cerambycidae_cluster3,2,100,100,0,match_expected_k,
85,Ceraphronidae_cluster123,1,100,100,0,match_expected_k,
86,Ceraphronidae_cluster4,7,100,100,0,match_expected_k,
87,Ceraphronidae_cluster9,3,100,100,0,match_expected_k,
88,Ceratopogonidae_cluster44,1,100,100,0,match_expected_k,
89,Ceratopogonidae_cluster45,1,100,100,0,match_expected_k,
90,Ceratopogonidae_cluster67,1,100,100,0,match_expected_k,
91,Chamaemyiidae_cluster1,2,100,100,0,match_expected_k,
92,Chironomidae_cluster1,6,100,100,0,match_expected_k,
93,Chironomidae_cluster10,1,100,100,0,match_expected_k,
94,Chironomidae_cluster104,1,100,100,0,match_expected_k,
95,Chironomidae_cluster105,1,100,100,0,match_expected_k,
96,Chironomidae_cluster11,4,100,100,0,match_expected_k,
97,Chironomidae_cluster15,4,100,100,0,match_expected_k,
98,Chironomidae_cluster17,1,100,100,0,match_expected_k,
99,Chironomidae_cluster19,4,100,100,0,match_expected_k,
100,Chironomidae_cluster2,3,100,100,0,match_expected_k,
101,Chironomidae_cluster222,1,100,100,0,match_expected_k,
102,Chironomidae_cluster224,1,100,100,0,match_expected_k,
103,Chironomidae_cluster23,1,100,100,0,match_expected_k,
104,Chironomidae_cluster24,9,100,100,0,match_expected_k,
105,Chironomidae_cluster25,1,100,100,0,match_expected_k,
106,Chironomidae_cluster26,3,100,100,0,match_expected_k,
107,Chironomidae_cluster3,4,100,100,0,match_expected_k,
108,Chironomidae_cluster30,1,100,100,0,match_expected_k,
109,Chironomidae_cluster312,1,100,100,0,match_expected_k,
110,Chironomidae_cluster32,6,100,100,0,match_expected_k,
111,Chironomidae_cluster341,1,100,100,0,match_expected_k,
112,Chironomidae_cluster387,1,100,100,0,match_expected_k,
113,Chironomidae_cluster41,1,100,100,0,match_expected_k,
114,Chironomidae_cluster415,1,100,100,0,match_expected_k,
115,Chironomidae_cluster44,3,100,100,0,match_expected_k,
116,Chironomidae_cluster440,1,100,100,0,match_expected_k,
117,Chironomidae_cluster51,6,100,100,0,match_expected_k,
118,Chironomidae_cluster532,2,100,100,0,match_expected_k,
119,Chironomidae_cluster60,4,100,100,0,match_expected_k,
120,Chironomidae_cluster89,1,100,100,0,match_expected_k,
121,Chironomidae_cluster9,8,100,100,0,match_expected_k,
122,Chloropidae_cluster10,2,100,100,0,match_expected_k,
123,Chloropidae_cluster48,1,100,100,0,match_expected_k,
124,Chloropidae_cluster8,3,100,100,0,match_expected_k,
125,Chrysomelidae_cluster25,3,100,100,0,match_expected_k,
126,Chrysomelidae_cluster3,1,100,100,0,match_expected_k,
127,Chrysomelidae_cluster30,2,100,100,0,match_expected_k,
128,Chrysomelidae_cluster55,1,100,100,0,match_expected_k,
129,Chrysomelidae_cluster9,1,100,100,0,match_expected_k,
130,Chrysopidae_cluster3,5,100,100,0,match_expected_k,
131,Chrysopidae_cluster4,1,100,100,0,match_expected_k,
132,Cicadellidae_cluster1,4,100,100,0,match_expected_k,
133,Cicadellidae_cluster13,3,100,100,0,match_expected_k,
134,Cicadellidae_cluster169,1,100,100,0,match_expected_k,
135,Cicadellidae_cluster2,2,100,100,0,match_expected_k,
136,Cicadellidae_cluster31,2,100,100,0,match_expected_k,
137,Cicadellidae_cluster4,8,100,100,0,match_expected_k,
138,Cicadellidae_cluster8,1,100,100,0,match_expected_k,
139,Cleridae_cluster1,5,100,100,0,match_expected_k,
140,Clubionidae_cluster5,2,100,100,0,match_expected_k,
141,Clubionidae_cluster6,1,100,100,0,match_expected_k,
142,Clubionidae_cluster8,3,100,100,0,match_expected_k,
143,Coccinellidae_cluster1,2,100,100,0,match_expected_k,
144,Coccinellidae_cluster11,2,100,100,0,match_expected_k,
145,Coccinellidae_cluster19,1,100,100,0,match_expected_k,
146,Cryptophagidae_cluster1,1,100,100,0,match_expected_k,
147,Cryptophagidae_cluster2,3,100,100,0,match_expected_k,
148,Cryptophagidae_cluster3,1,100,100,0,match_expected_k,
149,Culicidae_cluster4,1,100,100,0,match_expected_k,
150,Curculionidae_cluster1,2,100,100,0,match_expected_k,
151,Curculionidae_cluster11,5,100,100,0,match_expected_k,
152,Curculionidae_cluster16,3,100,100,0,match_expected_k,
153,Curculionidae_cluster2,2,100,100,0,match_expected_k,
154,Curculionidae_cluster21,1,100,100,0,match_expected_k,
155,Curculionidae_cluster22,1,100,100,0,match_expected_k,
156,Curculionidae_cluster24,3,100,100,0,match_expected_k,
157,Curculionidae_cluster3,4,100,100,0,match_expected_k,
158,Curculionidae_cluster38,1,100,100,0,match_expected_k,
159,Curculionidae_cluster5,1,100,100,0,match_expected_k,
160,Curculionidae_cluster8,5,100,100,0,match_expected_k,
161,Cybaeidae_cluster1,4,100,100,0,match_expected_k,
162,Cynipidae_cluster13,1,100,100,0,match_expected_k,
163,Diapriidae_cluster1,1,100,100,0,match_expected_k,
164,Diapriidae_cluster119,1,100,100,0,match_expected_k,
165,Diapriidae_cluster163,1,100,100,0,match_expected_k,
167,Diapriidae_cluster19,3,100,100,0,match_expected_k,
168,Diapriidae_cluster22,1,100,100,0,match_expected_k,
169,Diapriidae_cluster30,4,100,100,0,match_expected_k,
170,Diapriidae_cluster328,1,100,100,0,match_expected_k,
171,Diapriidae_cluster71,1,100,100,0,match_expected_k,
172,Diapriidae_cluster9,1,100,100,0,match_expected_k,
173,Dictynidae_cluster1,1,100,100,0,match_expected_k,
174,Diprionidae_cluster8,1,100,100,0,match_expected_k,
175,Dolichopodidae_cluster12,1,100,100,0,match_expected_k,
176,Dolichopodidae_cluster38,1,100,100,0,match_expected_k,
177,Drosophilidae_cluster11,1,100,100,0,match_expected_k,
178,Drosophilidae_cluster12,3,100,100,0,match_expected_k,
179,Dryinidae_cluster29,1,100,100,0,match_expected_k,
180,Ectobiidae_cluster1,2,100,100,0,match_expected_k,
181,Elachistidae_cluster1,4,100,100,0,match_expected_k,
182,Elachistidae_cluster2,2,100,100,0,match_expected_k,
183,Elachistidae_cluster6,1,100,100,0,match_expected_k,
184,Elachistidae_cluster9,1,100,100,0,match_expected_k,
185,Elateridae_cluster1,3,100,100,0,match_expected_k,
186,Empididae_cluster16,2,100,100,0,match_expected_k,
187,Empididae_cluster56,1,100,100,0,match_expected_k,
188,Empididae_cluster9,1,100,100,0,match_expected_k,
189,Entomobryidae_cluster1,15,100,100,0,match_expected_k,
190,Entomobryidae_cluster11,12,100,100,0,match_expected_k,
191,Entomobryidae_cluster165,1,100,100,0,match_expected_k,
192,Entomobryidae_cluster2,13,100,100,0,match_expected_k,
193,Entomobryidae_cluster33,3,100,100,0,match_expected_k,
194,Entomobryidae_cluster5,4,100,100,0,match_expected_k,
195,Entomobryidae_cluster6,9,100,100,0,match_expected_k,
196,Entomobryidae_cluster7,11,100,100,0,match_expected_k,
197,Ephydridae_cluster6,2,100,100,0,match_expected_k,
198,Eremaeidae_cluster1,1,100,100,0,match_expected_k,
199,Eriocraniidae_cluster7,1,100,100,0,match_expected_k,
200,Fanniidae_cluster4,1,100,100,0,match_expected_k,
201,Fanniidae_cluster8,1,100,100,0,match_expected_k,
202,Formicidae_cluster1,3,100,100,0,match_expected_k,
203,Formicidae_cluster2,3,100,100,0,match_expected_k,
204,Formicidae_cluster3,2,100,100,0,match_expected_k,
205,Formicidae_cluster6,5,100,100,0,match_expected_k,
206,Formicidae_cluster7,1,100,100,0,match_expected_k,
207,Gelechiidae_cluster13,1,100,100,0,match_expected_k,
208,Gelechiidae_cluster14,1,100,100,0,match_expected_k,
209,Gracillariidae_cluster2,1,100,100,0,match_expected_k,
210,Gracillariidae_cluster3,4,100,100,0,match_expected_k,
212,Heleomyzidae_cluster1,5,100,100,0,match_expected_k,
213,Heleomyzidae_cluster10,2,100,100,0,match_expected_k,
214,Heleomyzidae_cluster11,1,100,100,0,match_expected_k,
215,Heleomyzidae_cluster23,1,100,100,0,match_expected_k,
216,Heleomyzidae_cluster45,1,100,100,0,match_expected_k,
217,Hybotidae_cluster119,1,100,100,0,match_expected_k,
218,Hybotidae_cluster98,1,100,100,0,match_expected_k,
219,Hypogastruridae_cluster2,3,100,100,0,match_expected_k,
220,Ichneumonidae_cluster1211,1,100,100,0,match_expected_k,
221,Ichneumonidae_cluster123,2,100,100,0,match_expected_k,
222,Ichneumonidae_cluster125,2,100,100,0,match_expected_k,
223,Ichneumonidae_cluster132,1,100,100,0,match_expected_k,
224,Ichneumonidae_cluster179,1,100,100,0,match_expected_k,
225,Ichneumonidae_cluster221,1,100,100,0,match_expected_k,
226,Ichneumonidae_cluster239,1,100,100,0,match_expected_k,
227,Ichneumonidae_cluster311,1,100,100,0,match_expected_k,
228,Ichneumonidae_cluster319,4,100,100,0,match_expected_k,
229,Ichneumonidae_cluster332,1,100,100,0,match_expected_k,
230,Ichneumonidae_cluster441,1,100,100,0,match_expected_k,
231,Ichneumonidae_cluster512,1,100,100,0,match_expected_k,
232,Ichneumonidae_cluster580,1,100,100,0,match_expected_k,
233,Ichneumonidae_cluster615,1,100,100,0,match_expected_k,
234,Ichneumonidae_cluster64,2,100,100,0,match_expected_k,
235,Ichneumonidae_cluster656,2,100,100,0,match_expected_k,
236,Ichneumonidae_cluster73,1,100,100,0,match_expected_k,
237,Ichneumonidae_cluster743,1,100,100,0,match_expected_k,
238,Ichneumonidae_cluster867,1,100,100,0,match_expected_k,
239,Ichneumonidae_cluster882,2,100,100,0,match_expected_k,
240,Isotomidae_cluster8,1,100,100,0,match_expected_k,
241,Latridiidae_cluster1,4,100,100,0,match_expected_k,
242,Latridiidae_cluster10,3,100,100,0,match_expected_k,
243,Latridiidae_cluster15,1,100,100,0,match_expected_k,
244,Latridiidae_cluster2,4,100,100,0,match_expected_k,
245,Latridiidae_cluster3,1,100,100,0,match_expected_k,
246,Latridiidae_cluster4,1,100,100,0,match_expected_k,
247,Latridiidae_cluster7,3,100,100,0,match_expected_k,
248,Linyphiidae_cluster112,1,100,100,0,match_expected_k,
249,Linyphiidae_cluster20,3,100,100,0,match_expected_k,
250,Linyphiidae_cluster57,2,100,100,0,match_expected_k,
252,Linyphiidae_cluster89,1,100,100,0,match_expected_k,
253,Liocranidae_cluster1,1,100,100,0,match_expected_k,
254,Lonchaeidae_cluster1,1,100,100,0,match_expected_k,
255,Lycaenidae_cluster1,1,100,100,0,match_expected_k,
256,Lygaeidae_cluster1,2,100,100,0,match_expected_k,
257,Lymexylidae_cluster1,4,100,100,0,match_expected_k,
258,Lyonetiidae_cluster4,1,100,100,0,match_expected_k,
259,Lyonetiidae_cluster5,1,100,100,0,match_expected_k,
260,Lypusidae_cluster2,3,100,100,0,match_expected_k,
261,Megaspilidae_cluster5,2,100,100,0,match_expected_k,
262,Milichiidae_cluster1,1,100,100,0,match_expected_k,
263,Miridae_cluster1,2,100,100,0,match_expected_k,
264,Miridae_cluster2,2,100,100,0,match_expected_k,
265,Miridae_cluster20,1,100,100,0,match_expected_k,
266,Miridae_cluster26,1,100,100,0,match_expected_k,
267,Miridae_cluster35,1,100,100,0,match_expected_k,
268,Miridae_cluster7,2,100,100,0,match_expected_k,
269,Monotomidae_cluster1,5,100,100,0,match_expected_k,
270,Muscidae_cluster11,1,100,100,0,match_expected_k,
271,Muscidae_cluster122,4,100,100,0,match_expected_k,
272,Muscidae_cluster14,6,100,100,0,match_expected_k,
273,Muscidae_cluster2,3,100,100,0,match_expected_k,
274,Muscidae_cluster23,1,100,100,0,match_expected_k,
275,Muscidae_cluster28,10,100,100,0,match_expected_k,
276,Muscidae_cluster31,1,100,100,0,match_expected_k,
277,Muscidae_cluster39,6,100,100,0,match_expected_k,
278,Muscidae_cluster54,6,100,100,0,match_expected_k,
279,Muscidae_cluster73,2,100,100,0,match_expected_k,
280,Mycetophagidae_cluster1,1,100,100,0,match_expected_k,
281,Mycetophilidae_cluster1,3,100,100,0,match_expected_k,
282,Mycetophilidae_cluster103,1,100,100,0,match_expected_k,
283,Mycetophilidae_cluster11,12,100,100,0,match_expected_k,
284,Mycetophilidae_cluster113,1,100,100,0,match_expected_k,
285,Mycetophilidae_cluster148,2,100,100,0,match_expected_k,
286,Mycetophilidae_cluster152,1,100,100,0,match_expected_k,
287,Mycetophilidae_cluster177,1,100,100,0,match_expected_k,
288,Mycetophilidae_cluster185,1,100,100,0,match_expected_k,
289,Mycetophilidae_cluster190,1,100,100,0,match_expected_k,
290,Mycetophilidae_cluster23,6,100,100,0,match_expected_k,
291,Mycetophilidae_cluster27,6,100,100,0,match_expected_k,
292,Mycetophilidae_cluster270,1,100,100,0,match_expected_k,
293,Mycetophilidae_cluster284,1,100,100,0,match_expected_k,
294,Mycetophilidae_cluster29,2,100,100,0,match_expected_k,
295,Mycetophilidae_cluster3,5,100,100,0,match_expected_k,
296,Mycetophilidae_cluster30,1,100,100,0,match_expected_k,
297,Mycetophilidae_cluster306,1,100,100,0,match_expected_k,
298,Mycetophilidae_cluster312,2,100,100,0,match_expected_k,
299,Mycetophilidae_cluster348,1,100,100,0,match_expected_k,
300,Mycetophilidae_cluster45,1,100,100,0,match_expected_k,
301,Mycetophilidae_cluster457,1,100,100,0,match_expected_k,
302,Mycetophilidae_cluster48,2,100,100,0,match_expected_k,
303,Mycetophilidae_cluster5,3,100,100,0,match_expected_k,
304,Mycetophilidae_cluster59,3,100,100,0,match_expected_k,
305,Mycetophilidae_cluster63,2,100,100,0,match_expected_k,
306,Mycetophilidae_cluster9,1,100,100,0,match_expected_k,
307,Mycetophilidae_cluster97,1,100,100,0,match_expected_k,
308,Nabidae_cluster3,1,100,100,0,match_expected_k,
309,Noctuidae_cluster15,1,100,100,0,match_expected_k,
310,Noctuidae_cluster26,1,100,100,0,match_expected_k,
311,Orchesellidae_cluster1,3,100,100,0,match_expected_k,
312,Oribatulidae_cluster1,3,100,100,0,match_expected_k,
313,Oribatulidae_cluster2,5,100,100,0,match_expected_k,
314,Parasitidae_cluster1,1,100,100,0,match_expected_k,
315,Philodromidae_cluster1,3,100,100,0,match_expected_k,
316,Philodromidae_cluster10,1,100,100,0,match_expected_k,
317,Philodromidae_cluster9,3,100,100,0,match_expected_k,
318,Phoridae_cluster102,1,100,100,0,match_expected_k,
319,Phoridae_cluster106,2,100,100,0,match_expected_k,
320,Phoridae_cluster11,6,100,100,0,match_expected_k,
321,Phoridae_cluster115,1,100,100,0,match_expected_k,
322,Phoridae_cluster118,1,100,100,0,match_expected_k,
323,Phoridae_cluster127,1,100,100,0,match_expected_k,
324,Phoridae_cluster13,1,100,100,0,match_expected_k,
325,Phoridae_cluster14,2,100,100,0,match_expected_k,
326,Phoridae_cluster15,1,100,100,0,match_expected_k,
327,Phoridae_cluster155,4,100,100,0,match_expected_k,
328,Phoridae_cluster163,1,100,100,0,match_expected_k,
329,Phoridae_cluster169,1,100,100,0,match_expected_k,
330,Phoridae_cluster17,8,100,100,0,match_expected_k,
331,Phoridae_cluster21,1,100,100,0,match_expected_k,
332,Phoridae_cluster251,1,100,100,0,match_expected_k,
333,Phoridae_cluster253,1,100,100,0,match_expected_k,
334,Phoridae_cluster27,3,100,100,0,match_expected_k,
335,Phoridae_cluster303,1,100,100,0,match_expected_k,
336,Phoridae_cluster31,2,100,100,0,match_expected_k,
337,Phoridae_cluster35,1,100,100,0,match_expected_k,
338,Phoridae_cluster4,6,100,100,0,match_expected_k,
339,Phoridae_cluster42,1,100,100,0,match_expected_k,
340,Phoridae_cluster5,2,100,100,0,match_expected_k,
341,Phoridae_cluster52,5,100,100,0,match_expected_k,
342,Phoridae_cluster53,3,100,100,0,match_expected_k,
343,Phoridae_cluster66,1,100,100,0,match_expected_k,
344,Phoridae_cluster69,1,100,100,0,match_expected_k,
345,Phoridae_cluster88,1,100,100,0,match_expected_k,
346,Phoridae_cluster97,1,100,100,0,match_expected_k,
347,Polleniidae_cluster1,12,100,100,0,match_expected_k,
348,Polleniidae_cluster2,9,100,100,0,match_expected_k,
349,Polleniidae_cluster3,4,100,100,0,match_expected_k,
350,Polleniidae_cluster4,5,100,100,0,match_expected_k,
351,Polleniidae_cluster5,3,100,100,0,match_expected_k,
352,Polleniidae_cluster6,7,100,100,0,match_expected_k,
353,Polleniidae_cluster7,2,100,100,0,match_expected_k,
354,Psychodidae_cluster23,1,100,100,0,match_expected_k,
355,Psychodidae_cluster3,1,100,100,0,match_expected_k,
356,Psychodidae_cluster6,7,100,100,0,match_expected_k,
357,Psyllidae_cluster1,1,100,100,0,match_expected_k,
358,Psyllidae_cluster6,2,100,100,0,match_expected_k,
359,Pteromalidae_cluster22,1,100,100,0,match_expected_k,
360,Ptinidae_cluster4,1,100,100,0,match_expected_k,
361,Rhyparochromidae_cluster11,2,100,100,0,match_expected_k,
362,Rhyparochromidae_cluster14,3,100,100,0,match_expected_k,
363,Rhyparochromidae_cluster4,3,100,100,0,match_expected_k,
364,Rhyparochromidae_cluster7,3,100,100,0,match_expected_k,
365,Salpingidae_cluster1,1,100,100,0,match_expected_k,
366,Scathophagidae_cluster1,9,100,100,0,match_expected_k,
367,Scathophagidae_cluster2,1,100,100,0,match_expected_k,
368,Scathophagidae_cluster3,4,100,100,0,match_expected_k,
369,Scathophagidae_cluster4,1,100,100,0,match_expected_k,
370,Scathophagidae_cluster7,7,100,100,0,match_expected_k,
371,Sciaridae_cluster1,11,100,100,0,match_expected_k,
372,Sciaridae_cluster103,1,100,100,0,match_expected_k,
373,Sciaridae_cluster104,1,100,100,0,match_expected_k,
374,Sciaridae_cluster12,1,100,100,0,match_expected_k,
375,Sciaridae_cluster127,2,100,100,0,match_expected_k,
376,Sciaridae_cluster129,1,100,100,0,match_expected_k,
377,Sciaridae_cluster130,1,100,100,0,match_expected_k,
378,Sciaridae_cluster14,2,100,100,0,match_expected_k,
379,Sciaridae_cluster145,3,100,100,0,match_expected_k,
380,Sciaridae_cluster155,2,100,100,0,match_expected_k,
381,Sciaridae_cluster159,1,100,100,0,match_expected_k,
382,Sciaridae_cluster161,1,100,100,0,match_expected_k,
383,Sciaridae_cluster164,3,100,100,0,match_expected_k,
384,Sciaridae_cluster2,12,100,100,0,match_expected_k,
385,Sciaridae_cluster219,1,100,100,0,match_expected_k,
386,Sciaridae_cluster23,5,100,100,0,match_expected_k,
387,Sciaridae_cluster29,1,100,100,0,match_expected_k,
388,Sciaridae_cluster3,1,100,100,0,match_expected_k,
389,Sciaridae_cluster30,1,100,100,0,match_expected_k,
390,Sciaridae_cluster38,2,100,100,0,match_expected_k,
391,Sciaridae_cluster39,1,100,100,0,match_expected_k,
392,Sciaridae_cluster4,6,100,100,0,match_expected_k,
393,Sciaridae_cluster40,7,100,100,0,match_expected_k,
394,Sciaridae_cluster432,1,100,100,0,match_expected_k,
395,Sciaridae_cluster45,2,100,100,0,match_expected_k,
396,Sciaridae_cluster468,1,100,100,0,match_expected_k,
397,Sciaridae_cluster5,2,100,100,0,match_expected_k,
398,Sciaridae_cluster6,3,100,100,0,match_expected_k,
399,Sciaridae_cluster62,3,100,100,0,match_expected_k,
400,Sciaridae_cluster7,2,100,100,0,match_expected_k,
401,Sciaridae_cluster72,3,100,100,0,match_expected_k,
402,Sciaridae_cluster76,2,100,100,0,match_expected_k,
403,Sciaridae_cluster8,2,100,100,0,match_expected_k,
404,Sciaridae_cluster80,7,100,100,0,match_expected_k,
405,Sciaridae_cluster84,2,100,100,0,match_expected_k,
406,Sciaridae_cluster86,2,100,100,0,match_expected_k,
407,Sciaridae_cluster87,1,100,100,0,match_expected_k,
408,Sciaridae_cluster93,3,100,100,0,match_expected_k,
409,Sciaridae_cluster95,1,100,100,0,match_expected_k,
410,Sciaridae_cluster97,2,100,100,0,match_expected_k,
411,Scirtidae_cluster1,2,100,100,0,match_expected_k,
412,Scirtidae_cluster3,1,100,100,0,match_expected_k,
413,Scirtidae_cluster4,4,100,100,0,match_expected_k,
414,Scirtidae_cluster6,3,100,100,0,match_expected_k,
415,Segestriidae_cluster1,1,100,100,0,match_expected_k,
416,Sepsidae_cluster2,2,100,100,0,match_expected_k,
417,Sepsidae_cluster4,2,100,100,0,match_expected_k,
418,Sepsidae_cluster6,1,100,100,0,match_expected_k,
419,Sepsidae_cluster7,1,100,100,0,match_expected_k,
420,Silvanidae_cluster1,1,100,100,0,match_expected_k,
421,Simuliidae_cluster1,1,100,100,0,match_expected_k,
422,Sphaeroceridae_cluster1,4,100,100,0,match_expected_k,
423,Sphaeroceridae_cluster10,1,100,100,0,match_expected_k,
424,Sphaeroceridae_cluster12,1,100,100,0,match_expected_k,
425,Sphaeroceridae_cluster25,1,100,100,0,match_expected_k,
426,Sphaeroceridae_cluster36,1,100,100,0,match_expected_k,
427,Sphaeroceridae_cluster5,3,100,100,0,match_expected_k,
428,Sphaeroceridae_cluster63,1,100,100,0,match_expected_k,
429,Sphaeroceridae_cluster8,2,100,100,0,match_expected_k,
430,Staphylinidae_cluster210,1,100,100,0,match_expected_k,
431,Staphylinidae_cluster22,2,100,100,0,match_expected_k,
432,Staphylinidae_cluster25,1,100,100,0,match_expected_k,
433,Staphylinidae_cluster29,1,100,100,0,match_expected_k,
434,Staphylinidae_cluster4,1,100,100,0,match_expected_k,
435,Staphylinidae_cluster7,2,100,100,0,match_expected_k,
436,Staphylinidae_cluster9,1,100,100,0,match_expected_k,
437,Staphylinidae_cluster95,1,100,100,0,match_expected_k,
438,Tachinidae_cluster107,1,100,100,0,match_expected_k,
439,Tachinidae_cluster14,2,100,100,0,match_expected_k,
440,Tachinidae_cluster19,4,100,100,0,match_expected_k,
441,Tachinidae_cluster2,2,100,100,0,match_expected_k,
442,Tachinidae_cluster29,1,100,100,0,match_expected_k,
443,Tachinidae_cluster5,1,100,100,0,match_expected_k,
444,Tachinidae_cluster6,1,100,100,0,match_expected_k,
445,Tachinidae_cluster8,2,100,100,0,match_expected_k,
446,Tachinidae_cluster81,1,100,100,0,match_expected_k,
447,Tenthredinidae_cluster1,1,100,100,0,match_expected_k,
448,Tenthredinidae_cluster63,1,100,100,0,match_expected_k,
449,Tephritidae_cluster16,1,100,100,0,match_expected_k,
450,Tetragnathidae_cluster3,2,100,100,0,match_expected_k,
451,Theridiidae_cluster1,1,100,100,0,match_expected_k,
452,Theridiidae_cluster2,2,100,100,0,match_expected_k,
453,Theridiidae_cluster9,3,100,100,0,match_expected_k,
454,Thomisidae_cluster1,2,100,100,0,match_expected_k,
455,Thomisidae_cluster3,1,100,100,0,match_expected_k,
456,Thripidae_cluster1,9,100,100,0,match_expected_k,
457,Thripidae_cluster2,1,100,100,0,match_expected_k,
458,Thripidae_cluster3,2,100,100,0,match_expected_k,
459,Thripidae_cluster6,2,100,100,0,match_expected_k,
460,Thripidae_cluster7,3,100,100,0,match_expected_k,
462,Throscidae_cluster4,1,100,100,0,match_expected_k,
463,Tortricidae_cluster1,1,100,100,0,match_expected_k,
464,Tortricidae_cluster72,1,100,100,0,match_expected_k,
465,Tortricidae_cluster92,1,100,100,0,match_expected_k,
466,Trichoceridae_cluster1,8,100,100,0,match_expected_k,
467,Trichoceridae_cluster2,4,100,100,0,match_expected_k,
468,Trichoceridae_cluster3,7,100,100,0,match_expected_k,
469,Triozidae_cluster1,5,100,100,0,match_expected_k,
470,Triozidae_cluster17,1,100,100,0,match_expected_k,
471,Triozidae_cluster3,2,100,100,0,match_expected_k,
472,Triozidae_cluster5,1,100,100,0,match_expected_k,
