[
{"samples":[{"__data__":{"c":3928.2797534,"k":0.64225204289,"theta":1.10706144602},"__constructor__":"MyReturn"}],"weights":[0.0],"normConst":-852.869777105}
,
{"samples":[{"__data__":{"c":6855.79976217,"k":0.446398556232,"theta":0.83302900832},"__constructor__":"MyReturn"}],"weights":[0.0],"normConst":-852.792236239}
,
{"samples":[{"__data__":{"c":1639.7237566,"k":0.614107735455,"theta":2.92328803786},"__constructor__":"MyReturn"}],"weights":[0.0],"normConst":-852.807645011}
,
{"samples":[{"__data__":{"c":2155.92035159,"k":0.611783862114,"theta":2.09130090212},"__constructor__":"MyReturn"}],"weights":[0.0],"normConst":-852.777653616}
,
{"samples":[{"__data__":{"c":35879.5682137,"k":0.495912879705,"theta":0.1460717269},"__constructor__":"MyReturn"}],"weights":[0.0],"normConst":-852.751264704}
,
{"samples":[{"__data__":{"c":3680.55969295,"k":0.578517243266,"theta":1.23669647504},"__constructor__":"MyReturn"}],"weights":[0.0],"normConst":-852.803108814}
,
{"samples":[{"__data__":{"c":1258.00535498,"k":0.605922825634,"theta":4.43760548653},"__constructor__":"MyReturn"}],"weights":[0.0],"normConst":-852.81190592}
,
{"samples":[{"__data__":{"c":1473.07951905,"k":0.706446766853,"theta":2.731007981},"__constructor__":"MyReturn"}],"weights":[0.0],"normConst":-852.81668388}
,
{"samples":[{"__data__":{"c":1582.85521619,"k":0.535745806992,"theta":3.0671191733},"__constructor__":"MyReturn"}],"weights":[0.0],"normConst":-852.844281419}
,
{"samples":[{"__data__":{"c":14800.0050278,"k":0.533885471523,"theta":0.370780578511},"__constructor__":"MyReturn"}],"weights":[0.0],"normConst":-852.844604656}
,
{"samples":[{"__data__":{"c":560.673721465,"k":0.424266122282,"theta":11.0459339671},"__constructor__":"MyReturn"}],"weights":[0.0],"normConst":-852.800450276}
,
{"samples":[{"__data__":{"c":2821.36168901,"k":0.588360950351,"theta":1.69744538626},"__constructor__":"MyReturn"}],"weights":[0.0],"normConst":-852.871887419}
,
{"samples":[{"__data__":{"c":92147.3502772,"k":0.573305748403,"theta":0.0527013792402},"__constructor__":"MyReturn"}],"weights":[0.0],"normConst":-852.781994822}
,
{"samples":[{"__data__":{"c":7792.3539604,"k":0.602155290544,"theta":0.647818259582},"__constructor__":"MyReturn"}],"weights":[0.0],"normConst":-852.825022935}
,
{"samples":[{"__data__":{"c":5834.50853656,"k":0.736372321844,"theta":0.643279639035},"__constructor__":"MyReturn"}],"weights":[0.0],"normConst":-852.82704404}
,
{"samples":[{"__data__":{"c":2739.52876594,"k":0.596994459629,"theta":1.68619856576},"__constructor__":"MyReturn"}],"weights":[0.0],"normConst":-852.816845601}
,
{"samples":[{"__data__":{"c":2049.54948071,"k":0.576704591513,"theta":2.94250087212},"__constructor__":"MyReturn"}],"weights":[0.0],"normConst":-852.841713042}
,
{"samples":[{"__data__":{"c":1338.61655765,"k":0.615824088454,"theta":3.04345855467},"__constructor__":"MyReturn"}],"weights":[0.0],"normConst":-852.87952026}
,
{"samples":[{"__data__":{"c":105.868240741,"k":0.701899603009,"theta":33.9551717126},"__constructor__":"MyReturn"}],"weights":[0.0],"normConst":-852.807155753}
,
{"samples":[{"__data__":{"c":11906.0991882,"k":0.753282681108,"theta":0.273781553764},"__constructor__":"MyReturn"}],"weights":[0.0],"normConst":-852.80219174}
,
{"samples":[{"__data__":{"c":9528.39170386,"k":0.760721191764,"theta":0.417618438445},"__constructor__":"MyReturn"}],"weights":[0.0],"normConst":-852.826019022}
,
{"samples":[{"__data__":{"c":2601.05803452,"k":0.555409751832,"theta":1.96349035008},"__constructor__":"MyReturn"}],"weights":[0.0],"normConst":-852.744718955}
,
{"samples":[{"__data__":{"c":8067.05732899,"k":0.66754899919,"theta":0.596229241415},"__constructor__":"MyReturn"}],"weights":[0.0],"normConst":-852.765957273}
,
{"samples":[{"__data__":{"c":37999.1667661,"k":0.632280781865,"theta":0.11599744997},"__constructor__":"MyReturn"}],"weights":[0.0],"normConst":-852.757194983}
,
{"samples":[{"__data__":{"c":87096.2524677,"k":0.682679489255,"theta":0.0552793390194},"__constructor__":"MyReturn"}],"weights":[0.0],"normConst":-852.840717545}
,
{"samples":[{"__data__":{"c":374.098159947,"k":0.550870187581,"theta":10.9532028995},"__constructor__":"MyReturn"}],"weights":[0.0],"normConst":-852.854600395}
,
{"samples":[{"__data__":{"c":259233.879256,"k":0.68107649684,"theta":0.0141929800771},"__constructor__":"MyReturn"}],"weights":[0.0],"normConst":-852.822946051}
,
{"samples":[{"__data__":{"c":3503.27408476,"k":0.730276480317,"theta":1.00003900274},"__constructor__":"MyReturn"}],"weights":[0.0],"normConst":-852.821247679}
,
{"samples":[{"__data__":{"c":2644.71848996,"k":0.527613647282,"theta":1.8830015671},"__constructor__":"MyReturn"}],"weights":[0.0],"normConst":-852.867188179}
,
{"samples":[{"__data__":{"c":1134.40617026,"k":0.627890750766,"theta":3.49935260196},"__constructor__":"MyReturn"}],"weights":[0.0],"normConst":-852.819931583}
,
{"samples":[{"__data__":{"c":8471.20347327,"k":0.665937662125,"theta":0.4862680431},"__constructor__":"MyReturn"}],"weights":[0.0],"normConst":-852.836967192}
,
{"samples":[{"__data__":{"c":918.240472652,"k":0.670378431678,"theta":4.57516668807},"__constructor__":"MyReturn"}],"weights":[0.0],"normConst":-852.795405052}
,
{"samples":[{"__data__":{"c":9259.18132086,"k":0.538540221751,"theta":0.564787960352},"__constructor__":"MyReturn"}],"weights":[0.0],"normConst":-852.890489316}
,
{"samples":[{"__data__":{"c":2978.23977633,"k":0.669032111764,"theta":1.34380507294},"__constructor__":"MyReturn"}],"weights":[0.0],"normConst":-852.862412289}
,
{"samples":[{"__data__":{"c":2890.27073009,"k":0.601499527693,"theta":1.60803924328},"__constructor__":"MyReturn"}],"weights":[0.0],"normConst":-852.796582536}
,
{"samples":[{"__data__":{"c":57669.9695227,"k":0.707912445068,"theta":0.0508757157843},"__constructor__":"MyReturn"}],"weights":[0.0],"normConst":-852.818145832}
,
{"samples":[{"__data__":{"c":819.775993444,"k":0.638389065862,"theta":4.96866454545},"__constructor__":"MyReturn"}],"weights":[0.0],"normConst":-852.799041851}
,
{"samples":[{"__data__":{"c":5019.81893292,"k":0.734622254968,"theta":0.888090852259},"__constructor__":"MyReturn"}],"weights":[0.0],"normConst":-852.746008548}
,
{"samples":[{"__data__":{"c":3975.2462281,"k":0.665031448007,"theta":1.0098668969},"__constructor__":"MyReturn"}],"weights":[0.0],"normConst":-852.836564208}
,
{"samples":[{"__data__":{"c":22538.3704984,"k":0.719078183174,"theta":0.166694123769},"__constructor__":"MyReturn"}],"weights":[0.0],"normConst":-852.800411464}
,
{"samples":[{"__data__":{"c":834.486317672,"k":0.500308014452,"theta":7.97944936639},"__constructor__":"MyReturn"}],"weights":[0.0],"normConst":-852.748799701}
,
{"samples":[{"__data__":{"c":11782.8283218,"k":0.639774277806,"theta":0.319096110326},"__constructor__":"MyReturn"}],"weights":[0.0],"normConst":-852.732032605}
,
{"samples":[{"__data__":{"c":2481.51985966,"k":0.699664875865,"theta":1.47906031057},"__constructor__":"MyReturn"}],"weights":[0.0],"normConst":-852.80315722}
,
{"samples":[{"__data__":{"c":523.40988188,"k":0.569308437407,"theta":7.81416720251},"__constructor__":"MyReturn"}],"weights":[0.0],"normConst":-852.830787478}
,
{"samples":[{"__data__":{"c":4727.63884664,"k":0.829460993409,"theta":0.673005134515},"__constructor__":"MyReturn"}],"weights":[0.0],"normConst":-852.777240239}
,
{"samples":[{"__data__":{"c":1365.96554728,"k":0.559757761657,"theta":2.7492146079},"__constructor__":"MyReturn"}],"weights":[0.0],"normConst":-852.795912669}
,
{"samples":[{"__data__":{"c":7878.48528085,"k":0.662211701274,"theta":0.460468558819},"__constructor__":"MyReturn"}],"weights":[0.0],"normConst":-852.82304355}
,
{"samples":[{"__data__":{"c":604.934024071,"k":0.622728802264,"theta":6.5938997374},"__constructor__":"MyReturn"}],"weights":[0.0],"normConst":-852.805577414}
,
{"samples":[{"__data__":{"c":878.350353725,"k":0.690451040864,"theta":5.40954492913},"__constructor__":"MyReturn"}],"weights":[0.0],"normConst":-852.837430985}
,
{"samples":[{"__data__":{"c":3346.65153506,"k":0.662052407861,"theta":1.28837139267},"__constructor__":"MyReturn"}],"weights":[0.0],"normConst":-852.78604371}
,
{"samples":[{"__data__":{"c":262428.547577,"k":0.679279714823,"theta":0.0152549993512},"__constructor__":"MyReturn"}],"weights":[0.0],"normConst":-852.784863935}
,
{"samples":[{"__data__":{"c":2527.05415042,"k":0.705099627376,"theta":1.80556656531},"__constructor__":"MyReturn"}],"weights":[0.0],"normConst":-852.838624137}
,
{"samples":[{"__data__":{"c":6791.95958345,"k":0.650919005275,"theta":0.591232596578},"__constructor__":"MyReturn"}],"weights":[0.0],"normConst":-852.86407799}
,
{"samples":[{"__data__":{"c":9798.17929735,"k":0.726240500808,"theta":0.426194096933},"__constructor__":"MyReturn"}],"weights":[0.0],"normConst":-852.864305229}
,
{"samples":[{"__data__":{"c":47973.6600469,"k":0.681320130825,"theta":0.105475277549},"__constructor__":"MyReturn"}],"weights":[0.0],"normConst":-852.82756816}
,
{"samples":[{"__data__":{"c":607.078765496,"k":0.710610970855,"theta":5.86109890545},"__constructor__":"MyReturn"}],"weights":[0.0],"normConst":-852.802668621}
,
{"samples":[{"__data__":{"c":455.915103173,"k":0.631077289581,"theta":9.30138699786},"__constructor__":"MyReturn"}],"weights":[0.0],"normConst":-852.742298317}
,
{"samples":[{"__data__":{"c":9625.38308744,"k":0.683540999889,"theta":0.40028284101},"__constructor__":"MyReturn"}],"weights":[0.0],"normConst":-852.887299632}
,
{"samples":[{"__data__":{"c":16060.5240227,"k":0.611152797937,"theta":0.30085846755},"__constructor__":"MyReturn"}],"weights":[0.0],"normConst":-852.833494246}
,
{"samples":[{"__data__":{"c":17022.8405762,"k":0.571664907038,"theta":0.337841950275},"__constructor__":"MyReturn"}],"weights":[0.0],"normConst":-852.887112157}
,
{"samples":[{"__data__":{"c":24120.456749,"k":0.540489703417,"theta":0.207914644994},"__constructor__":"MyReturn"}],"weights":[0.0],"normConst":-852.840859925}
,
{"samples":[{"__data__":{"c":318947.465121,"k":0.612330324948,"theta":0.0139988871964},"__constructor__":"MyReturn"}],"weights":[0.0],"normConst":-852.843049194}
,
{"samples":[{"__data__":{"c":453.869216691,"k":0.78719265759,"theta":7.4382803286},"__constructor__":"MyReturn"}],"weights":[0.0],"normConst":-852.79312815}
,
{"samples":[{"__data__":{"c":1101.00736792,"k":0.750097110868,"theta":3.18241153847},"__constructor__":"MyReturn"}],"weights":[0.0],"normConst":-852.827356229}
,
{"samples":[{"__data__":{"c":46063.6856078,"k":0.685515776277,"theta":0.0879781442665},"__constructor__":"MyReturn"}],"weights":[0.0],"normConst":-852.74729982}
,
{"samples":[{"__data__":{"c":5681.62583583,"k":0.581693835557,"theta":0.83803536036},"__constructor__":"MyReturn"}],"weights":[0.0],"normConst":-852.84351485}
,
{"samples":[{"__data__":{"c":546.872694264,"k":0.640761703253,"theta":9.01428910455},"__constructor__":"MyReturn"}],"weights":[0.0],"normConst":-852.87513843}
,
{"samples":[{"__data__":{"c":348.178309779,"k":0.640577971935,"theta":12.7791779804},"__constructor__":"MyReturn"}],"weights":[0.0],"normConst":-852.801687086}
,
{"samples":[{"__data__":{"c":1034.45412232,"k":0.591690167785,"theta":5.1757209444},"__constructor__":"MyReturn"}],"weights":[0.0],"normConst":-852.730951781}
,
{"samples":[{"__data__":{"c":10072.0952354,"k":0.615767948329,"theta":0.409690797257},"__constructor__":"MyReturn"}],"weights":[0.0],"normConst":-852.830633901}
,
{"samples":[{"__data__":{"c":86.7082760542,"k":0.805935561657,"theta":35.9364156551},"__constructor__":"MyReturn"}],"weights":[0.0],"normConst":-852.769063112}
,
{"samples":[{"__data__":{"c":38113.304442,"k":0.723437443376,"theta":0.100415772663},"__constructor__":"MyReturn"}],"weights":[0.0],"normConst":-852.816722259}
,
{"samples":[{"__data__":{"c":2176.32467286,"k":0.688047707081,"theta":2.13175574117},"__constructor__":"MyReturn"}],"weights":[0.0],"normConst":-852.81478323}
,
{"samples":[{"__data__":{"c":20002.2988979,"k":0.54449826479,"theta":0.248118033008},"__constructor__":"MyReturn"}],"weights":[0.0],"normConst":-852.780294144}
,
{"samples":[{"__data__":{"c":5354.0784052,"k":0.610472522676,"theta":0.92056197734},"__constructor__":"MyReturn"}],"weights":[0.0],"normConst":-852.855948761}
,
{"samples":[{"__data__":{"c":4622.25644225,"k":0.711739957333,"theta":0.985439268255},"__constructor__":"MyReturn"}],"weights":[0.0],"normConst":-852.811212965}
,
{"samples":[{"__data__":{"c":10802.5303847,"k":0.659363642335,"theta":0.399305184077},"__constructor__":"MyReturn"}],"weights":[0.0],"normConst":-852.757335504}
,
{"samples":[{"__data__":{"c":2903.78269239,"k":0.703077465296,"theta":1.35765132173},"__constructor__":"MyReturn"}],"weights":[0.0],"normConst":-852.870225876}
,
{"samples":[{"__data__":{"c":223.516763045,"k":0.688811019063,"theta":16.1833529154},"__constructor__":"MyReturn"}],"weights":[0.0],"normConst":-852.917461911}
,
{"samples":[{"__data__":{"c":18365.280971,"k":0.616615489125,"theta":0.268518756763},"__constructor__":"MyReturn"}],"weights":[0.0],"normConst":-852.80942002}
,
{"samples":[{"__data__":{"c":11911.4710418,"k":0.622227452695,"theta":0.287962257239},"__constructor__":"MyReturn"}],"weights":[0.0],"normConst":-852.839795532}
,
{"samples":[{"__data__":{"c":3374.98945755,"k":0.761865824461,"theta":0.996069608219},"__constructor__":"MyReturn"}],"weights":[0.0],"normConst":-852.804591384}
,
{"samples":[{"__data__":{"c":14976.680001,"k":0.612462982535,"theta":0.335554051229},"__constructor__":"MyReturn"}],"weights":[0.0],"normConst":-852.826238393}
,
{"samples":[{"__data__":{"c":3914.46230227,"k":0.594717785716,"theta":1.23203663969},"__constructor__":"MyReturn"}],"weights":[0.0],"normConst":-852.843157217}
,
{"samples":[{"__data__":{"c":1726.38563271,"k":0.743616521358,"theta":2.40039152364},"__constructor__":"MyReturn"}],"weights":[0.0],"normConst":-852.870274734}
,
{"samples":[{"__data__":{"c":1198.23926551,"k":0.667212605476,"theta":3.89182471411},"__constructor__":"MyReturn"}],"weights":[0.0],"normConst":-852.832743262}
,
{"samples":[{"__data__":{"c":1382.07594114,"k":0.605264082551,"theta":3.17777312056},"__constructor__":"MyReturn"}],"weights":[0.0],"normConst":-852.876265802}
,
{"samples":[{"__data__":{"c":1929.56072825,"k":0.578133910894,"theta":2.94522573601},"__constructor__":"MyReturn"}],"weights":[0.0],"normConst":-852.800535055}
,
{"samples":[{"__data__":{"c":933.597703649,"k":0.648030862212,"theta":4.90796683798},"__constructor__":"MyReturn"}],"weights":[0.0],"normConst":-852.835752512}
,
{"samples":[{"__data__":{"c":637.27919264,"k":0.690770596266,"theta":5.78601467953},"__constructor__":"MyReturn"}],"weights":[0.0],"normConst":-852.834548627}
,
{"samples":[{"__data__":{"c":200734.135185,"k":0.606186948717,"theta":0.0194956327494},"__constructor__":"MyReturn"}],"weights":[0.0],"normConst":-852.822636076}
,
{"samples":[{"__data__":{"c":2656.07501401,"k":0.680580213666,"theta":1.63821534923},"__constructor__":"MyReturn"}],"weights":[0.0],"normConst":-852.8110626}
,
{"samples":[{"__data__":{"c":3021.12508914,"k":0.485409125686,"theta":1.74282829348},"__constructor__":"MyReturn"}],"weights":[0.0],"normConst":-852.816061501}
,
{"samples":[{"__data__":{"c":4187.45770905,"k":0.64540207386,"theta":1.38116396729},"__constructor__":"MyReturn"}],"weights":[0.0],"normConst":-852.762686988}
,
{"samples":[{"__data__":{"c":520.705131406,"k":0.632186308503,"theta":7.27350749759},"__constructor__":"MyReturn"}],"weights":[0.0],"normConst":-852.828921944}
,
{"samples":[{"__data__":{"c":1174.30015642,"k":0.824305713177,"theta":2.41091011108},"__constructor__":"MyReturn"}],"weights":[0.0],"normConst":-852.806689858}
,
{"samples":[{"__data__":{"c":5350.83058205,"k":0.686147138476,"theta":0.752290048137},"__constructor__":"MyReturn"}],"weights":[0.0],"normConst":-852.788410247}
,
{"samples":[{"__data__":{"c":1604.86165993,"k":0.644757524133,"theta":2.38041448041},"__constructor__":"MyReturn"}],"weights":[0.0],"normConst":-852.818952505}
,
{"samples":[{"__data__":{"c":293.52972484,"k":0.684551522136,"theta":12.5253239101},"__constructor__":"MyReturn"}],"weights":[0.0],"normConst":-852.76259417}
,
{"samples":[{"__data__":{"c":83.5975481374,"k":0.535859428346,"theta":52.4108387581},"__constructor__":"MyReturn"}],"weights":[0.0],"normConst":-852.761867113}
]
