"parameter","rhat","ess","geweke_z","pass_rhat","pass_ess","pass_geweke","verdict"
"c_1",1.0108925079956,838.441633959453,2.28409723580636,TRUE,TRUE,FALSE,"needs_attention"
"c_2",1.01335834797071,807.435421290115,2.15674232297804,TRUE,TRUE,FALSE,"needs_attention"
"c_3",1.0162169522792,775.117222505121,2.02482198010645,TRUE,TRUE,FALSE,"needs_attention"
"c_4",1.015971433209,842.200279070438,2.16741009256973,TRUE,TRUE,FALSE,"needs_attention"
"c_5",1.00879358651727,805.15604615029,2.42244923685283,TRUE,TRUE,FALSE,"needs_attention"
"c_6",1.01542242792612,782.338534367133,2.45708796984981,TRUE,TRUE,FALSE,"needs_attention"
"c_7",1.01686440289428,816.539695913963,2.24653392942316,TRUE,TRUE,FALSE,"needs_attention"
"c_8",1.01035904509968,812.267486529467,2.44420156478211,TRUE,TRUE,FALSE,"needs_attention"
"c_9",1.01640498802841,770.210603686704,1.766870489312,TRUE,TRUE,TRUE,"converged"
"c_10",1.01230464148731,799.063982129517,2.34414133877147,TRUE,TRUE,FALSE,"needs_attention"
"c_11",1.01286515779174,798.992766666243,2.46798055168822,TRUE,TRUE,FALSE,"needs_attention"
"c_12",1.0141849412506,758.449628267595,2.19136837074215,TRUE,TRUE,FALSE,"needs_attention"
"c_13",1.00928830674196,820.88741176822,2.21186686545869,TRUE,TRUE,FALSE,"needs_attention"
"c_14",1.01394818997579,764.401816099494,1.79075210613163,TRUE,TRUE,TRUE,"converged"
"c_15",1.01443202047479,830.954071161703,2.20490063783639,TRUE,TRUE,FALSE,"needs_attention"
"k",1.0093043230687,325.918723478533,-3.17212243974802,TRUE,TRUE,FALSE,"needs_attention"
